Workbook

Sheet Quadro individual
A1: Affinity Estimation: MultiPag
A4: ID | B4: Requisito funcional | C4: Eduardo | D4: Gabriel | E4: João Pedro | F4: Equipe (após discussão)
A5: RF01 | B5: Cadastro do business com nome/responsável, e-mail, CPF, data de nascimento e senha | C5: L | D5: L | E5: M | F5: L
A6: RF02 | B6: Login do business com e-mail e senha | C6: M | D6: M | E6: S | F6: M
A7: RF03 | B7: Criar cobrança informando valor, descrição e cliente destinatário | C7: XL | D7: XL | E7: L | F7: XL
A8: RF04 | B8: Configurar, por cobrança, os métodos de pagamento aceitos (Pix, cartão, boleto, cripto) | C8: S | D8: M | E8: M | F8: M
A9: RF05 | B9: Gerar um link único de pagamento para cada cobrança | C9: S | D9: S | E9: S | F9: S
A10: RF06 | B10: Enviar/disponibilizar ao cliente o link da cobrança | C10: XS | D10: S | E10: XS | F10: XS
A11: RF07 | B11: Visualizar o saldo disponível em reais | C11: S | D11: XS | E11: S | F11: S
A12: RF08 | B12: Consultar o extrato de movimentações (pagamentos recebidos) | C12: L | D12: L | E12: XL | F12: L
A13: RF09 | B13: Solicitar saque do saldo disponível, exclusivamente via Pix | C13: XL | D13: XL | E13: XXL | F13: XL
A14: RF10 | B14: Cliente acessar e visualizar a cobrança a partir do link recebido | C14: M | D14: M | E14: M | F14: M
A15: RF11 | B15: Cliente pagar a cobrança como convidado, informando o CPF | C15: L | D15: M | E15: L | F15: L
... A30: RF26 | B30: Business listar os saques recentes | C30: S | D30: S | E30: XS | F30: S

Sheet Mural da equipe
A1: Mural da equipe
A3: Menor → Maior
A4: XS | B4: S | C4: M | D4: L | E4: XL | F4: XXL
A5: RF06 Enviar o link ao cliente | B5: RF05 Link único de pagamento | C5: RF02 Login do business | D5: RF01 Cadastro do business | E5: RF03 Criar cobrança | F5: RF12 Pagar por qualquer método
B6: RF07 Saldo disponível | C6: RF04 Métodos de pagamento da cobrança | D6: RF08 Extrato de movimentações | E6: RF09 Saque via Pix
B7: RF16 Business alterar dados da conta | C7: RF10 Cliente abrir a cobrança pelo link | D7: RF11 Pagar como convidado (CPF) | E7: RF15 Atualizar status após pagamento
B8: RF19 Cancelar cobrança pendente | C8: RF13 Cadastro de conta do cliente | D8: RF14 Cobranças do cliente por CPF | E8: RF25 Validar chave Pix no DICT
B9: RF20 Cliente alterar dados da conta | C9: RF17 Business excluir a conta
B10: RF22 Resultado do pagamento | C10: RF18 Alterar cobrança pendente
B11: RF24 Detalhes de uma cobrança | C11: RF21 Cliente excluir a conta (LGPD)
B12: RF26 Business listar saques | C12: RF23 Business listar cobranças

Sheet Avaliação da outra equipe
A1: Avaliação da outra equipe
A2: Equipe avaliadora: | C2: Equipe 12 - WorkForge
A4: ID | B4: Requisito | C4: Nosso tamanho | D4: Tamanho sugerido | E4: Dúvida ou sugestão recebida | F4: Acatou? | G4: Tamanho final | H4: Decisão da equipe
A5: RF01 | B5: Cadastro do business com nome/responsável, e-mail, CPF, data de nascimento e senha | C5: ='Quadro individual'!F5 -> L | D5: M | E5: O cadastro parece só um formulário, M não seria suficiente? | F5: Não | G5: =IF(F5="Sim",D5,C5) -> L | H5: O cadastro tem 3 etapas, consulta de CPF e senha com hash. Mantemos L.
A6: RF02 | B6: Login do business com e-mail e senha | C6: ='Quadro individual'!F6 -> M | G6: =IF(F6="Sim",D6,C6) -> M
A7: RF03 | B7: Criar cobrança informando valor, descrição e cliente destinatário | C7: ='Quadro individual'!F7 -> XL | D7: XXL | E7: Tem itens, cliente e vários métodos de pagamento, parece maior que XL. | F7: Não | G7: =IF(F7="Sim",D7,C7) -> XL | H7: O fluxo tem 5 etapas, mas as regras já são conhecidas. Mantemos XL.
A8: RF04 | B8: Configurar, por cobrança, os métodos de pagamento aceitos (Pix, cartão, boleto, cripto) | C8: ='Quadro individual'!F8 -> M | G8: =IF(F8="Sim",D8,C8) -> M
A9: RF05 | B9: Gerar um link único de pagamento para cada cobrança | C9: ='Quadro individual'!F9 -> S | G9: =IF(F9="Sim",D9,C9) -> S
A10: RF06 | B10: Enviar/disponibilizar ao cliente o link da cobrança | C10: ='Quadro individual'!F10 -> XS | G10: =IF(F10="Sim",D10,C10) -> XS
A11: RF07 | B11: Visualizar o saldo disponível em reais | C11: ='Quadro individual'!F11 -> S | G11: =IF(F11="Sim",D11,C11) -> S
A12: RF08 | B12: Consultar o extrato de movimentações (pagamentos recebidos) | C12: ='Quadro individual'!F12 -> L | D12: XL | E12: O extrato tem exportação? | F12: Não | G12: =IF(F12="Sim",D12,C12) -> L | H12: Não tem exportação nesta versão, só filtros, paginação e totais. Mantemos L.
A13: RF09 | B13: Solicitar saque do saldo disponível, exclusivamente via Pix | C13: ='Quadro individual'!F13 -> XL | D13: XXL | E13: A transferência para o banco é real? | F13: Não | G13: =IF(F13="Sim",D13,C13) -> XL | H13: A transferência é simulada. Só entram a validação do saldo e da chave e o registro do saque. Mantemos XL.
A14: RF10 | B14: Cliente acessar e visualizar a cobrança a partir do link recebido | C14: ='Quadro individual'!F14 -> M | G14: =IF(F14="Sim",D14,C14) -> M
A15: RF11 | B15: Cliente pagar a cobrança como convidado, informando o CPF | C15: ='Quadro individual'!F15 -> L | G15: =IF(F15="Sim",D15,C15) -> L
A16: RF12 | B16: Cliente pagar por qualquer método habilitado pelo business (Pix, cartão, boleto ou cripto) | C16: ='Quadro individual'!F16 -> XXL | G16: =IF(F16="Sim",D16,C16) -> XXL
A17: RF13 | B17: Cadastro opcional de conta de cliente (e-mail, CPF e senha) | C17: ='Quadro individual'!F17 -> M | G17: =IF(F17="Sim",D17,C17) -> M
A18: RF14 | B18: Cliente logado visualizar as cobranças vinculadas ao seu CPF, de qualquer business | C18: ='Quadro individual'!F18 -> L | G18: =IF(F18="Sim",D18,C18) -> L
A19: RF15 | B19: Atualizar o status da cobrança automaticamente após a confirmação do pagamento | C19: ='Quadro individual'!F19 -> XL | G19: =IF(F19="Sim",D19,C19) -> XL
A20: RF16 | B20: Business alterar os dados da sua conta | C20: ='Quadro individual'!F20 -> S | G20: =IF(F20="Sim",D20,C20) -> S
A21: RF17 | B21: Business excluir a própria conta | C21: ='Quadro individual'!F21 -> M | G21: =IF(F21="Sim",D21,C21) -> M
A22: RF18 | B22: Business alterar uma cobrança pendente | C22: ='Quadro individual'!F22 -> M | G22: =IF(F22="Sim",D22,C22) -> M
A23: RF19 | B23: Business cancelar uma cobrança pendente | C23: ='Quadro individual'!F23 -> S | G23: =IF(F23="Sim",D23,C23) -> S
A24: RF20 | B24: Cliente alterar os dados da sua conta | C24: ='Quadro individual'!F24 -> S | G24: =IF(F24="Sim",D24,C24) -> S
A25: RF21 | B25: Cliente excluir a própria conta (LGPD) | C25: ='Quadro individual'!F25 -> M | G25: =IF(F25="Sim",D25,C25) -> M
... A28: RF24 | B28: Business consultar os detalhes de uma cobrança | C28: ='Quadro individual'!F28 -> S | G28: =IF(F28="Sim",D28,C28) -> S
A29: RF25 | B29: Validar a chave Pix de destino do saque no DICT | C29: ='Quadro individual'!F29 -> L | D29: XL | E29: Se o DICT demorar ou ficar fora do ar, o que acontece? | F29: Sim | G29: =IF(F29="Sim",D29,C29) -> XL | H29: Acatamos. O tratamento de espera e de nova tentativa dá mais trabalho do que pensamos. Movido para XL.
A30: RF26 | B30: Business listar os saques recentes | C30: ='Quadro individual'!F30 -> S | G30: =IF(F30="Sim",D30,C30) -> S
