Workbook

Sheet Planning Poker
A1: Planning Poker: MultiPag
A2: Equipe: Eduardo Lourenço da Silva, Gabriel Pereira Lugon Moulin e João Pedro Novak Rausis
A4: Premissas de tempo
B5: Horas de trabalho por ponto | C5: 8 | D5: h/ponto
B6: Horas de trabalho por pessoa por dia | C6: 4 | D6: h/dia
A8: ID | B8: Requisito funcional | C8: Origem | D8: Eduardo | E8: Gabriel | F8: João Pedro | G8: Consenso | H8: Justificativa do consenso | I8: Complexidade | J8: Tempo (horas) | K8: Tempo (dias)
A9: RF01 | B9: Cadastro do business com nome/responsável, e-mail, CPF, data de nascimento e senha | C9: Definição do projeto | D9: 5 | E9: 5 | F9: 3 | G9: 5 | H9: Wizard de 3 etapas, consulta de CPF e senha com hash (RNF01). | I9: =IF(G9="","A definir",IF(G9<=2,"Baixa",IF(G9<=5,"Média",IF(G9<=13,"Alta","Muito alta")))) -> Média | J9: =IF(G9="","",G9*$C$5) -> 40 | K9: =IF(G9="","",J9/$C$6) -> 10
A10: RF02 | B10: Login do business com e-mail e senha | C10: Definição do projeto | D10: 3 | E10: 3 | F10: 2 | G10: 3 | H10: Autenticação com token, expiração e tratamento de erro. | I10: =IF(G10="","A definir",IF(G10<=2,"Baixa",IF(G10<=5,"Média",IF(G10<=13,"Alta","Muito alta")))) -> Média | J10: =IF(G10="","",G10*$C$5) -> 24 | K10: =IF(G10="","",J10/$C$6) -> 6
A11: RF03 | B11: Criar cobrança informando valor, descrição e cliente destinatário | C11: Definição do projeto | D11: 8 | E11: 8 | F11: 5 | G11: 8 | H11: Wizard de 5 etapas que grava a cobrança e os métodos escolhidos. | I11: =IF(G11="","A definir",IF(G11<=2,"Baixa",IF(G11<=5,"Média",IF(G11<=13,"Alta","Muito alta")))) -> Alta | J11: =IF(G11="","",G11*$C$5) -> 64 | K11: =IF(G11="","",J11/$C$6) -> 16
A12: RF04 | B12: Configurar, por cobrança, os métodos de pagamento aceitos (Pix, cartão, boleto, cripto) | C12: Definição do projeto | D12: 2 | E12: 3 | F12: 3 | G12: 3 | H12: Seleção com no mínimo um método, gravada em tabela própria. | I12: =IF(G12="","A definir",IF(G12<=2,"Baixa",IF(G12<=5,"Média",IF(G12<=13,"Alta","Muito alta")))) -> Média | J12: =IF(G12="","",G12*$C$5) -> 24 | K12: =IF(G12="","",J12/$C$6) -> 6
A13: RF05 | B13: Gerar um link único de pagamento para cada cobrança | C13: Definição do projeto | D13: 2 | E13: 2 | F13: 2 | G13: 2 | H13: Identificador único e montagem da URL. | I13: =IF(G13="","A definir",IF(G13<=2,"Baixa",IF(G13<=5,"Média",IF(G13<=13,"Alta","Muito alta")))) -> Baixa | J13: =IF(G13="","",G13*$C$5) -> 16 | K13: =IF(G13="","",J13/$C$6) -> 4
A14: RF06 | B14: Enviar/disponibilizar ao cliente o link da cobrança | C14: Definição do projeto | D14: 1 | E14: 2 | F14: 1 | G14: 1 | H14: Sem envio automático nesta versão, só copiar o link. | I14: =IF(G14="","A definir",IF(G14<=2,"Baixa",IF(G14<=5,"Média",IF(G14<=13,"Alta","Muito alta")))) -> Baixa | J14: =IF(G14="","",G14*$C$5) -> 8 | K14: =IF(G14="","",J14/$C$6) -> 2
A15: RF07 | B15: Visualizar o saldo disponível em reais | C15: Definição do projeto | D15: 2 | E15: 1 | F15: 2 | G15: 2 | H15: Exibição simples, mas depende da consistência do saldo (RNF07). | I15: =IF(G15="","A definir",IF(G15<=2,"Baixa",IF(G15<=5,"Média",IF(G15<=13,"Alta","Muito alta")))) -> Baixa | J15: =IF(G15="","",G15*$C$5) -> 16 | K15: =IF(G15="","",J15/$C$6) -> 4
A16: RF08 | B16: Consultar o extrato de movimentações (pagamentos recebidos) | C16: Definição do projeto | D16: 5 | E16: 5 | F16: 8 | G16: 5 | H16: Filtros, paginação e totais do período. Sem exportação. | I16: =IF(G16="","A definir",IF(G16<=2,"Baixa",IF(G16<=5,"Média",IF(G16<=13,"Alta","Muito alta")))) -> Média | J16: =IF(G16="","",G16*$C$5) -> 40 | K16: =IF(G16="","",J16/$C$6) -> 10
A17: RF09 | B17: Solicitar saque do saldo disponível, exclusivamente via Pix | C17: Definição do projeto | D17: 8 | E17: 8 | F17: 13 | G17: 8 | H17: Validação de saldo e de chave Pix e registro do saque. A transferência é simulada. | I17: =IF(G17="","A definir",IF(G17<=2,"Baixa",IF(G17<=5,"Média",IF(G17<=13,"Alta","Muito alta")))) -> Alta | J17: =IF(G17="","",G17*$C$5) -> 64 | K17: =IF(G17="","",J17/$C$6) -> 16
A18: RF10 | B18: Cliente acessar e visualizar a cobrança a partir do link recebido | C18: Definição do projeto | D18: 3 | E18: 3 | F18: 3 | G18: 3 | H18: Consulta pública com tratamento de link inválido. | I18: =IF(G18="","A definir",IF(G18<=2,"Baixa",IF(G18<=5,"Média",IF(G18<=13,"Alta","Muito alta")))) -> Média | J18: =IF(G18="","",G18*$C$5) -> 24 | K18: =IF(G18="","",J18/$C$6) -> 6
A19: RF11 | B19: Cliente pagar a cobrança como convidado, informando o CPF | C19: Definição do projeto | D19: 5 | E19: 3 | F19: 5 | G19: 5 | H19: Validação do CPF e vínculo do pagamento pelo CPF. | I19: =IF(G19="","A definir",IF(G19<=2,"Baixa",IF(G19<=5,"Média",IF(G19<=13,"Alta","Muito alta")))) -> Média | J19: =IF(G19="","",G19*$C$5) -> 40 | K19: =IF(G19="","",J19/$C$6) -> 10
A20: RF12 | B20: Cliente pagar por qualquer método habilitado pelo business (Pix, cartão, boleto ou cripto) | C20: Definição do projeto | D20: 20 | E20: 20 | F20: 13 | G20: 20 | H20: Quatro integrações. Passa de 13, por isso 20, e vale quebrar em uma tarefa por método. | I20: =IF(G20="","A definir",IF(G20<=2,"Baixa",IF(G20<=5,"Média",IF(G20<=13,"Alta","Muito alta")))) -> Muito alta | J20: =IF(G20="","",G20*$C$5) -> 160 | K20: =IF(G20="","",J20/$C$6) -> 40
... A32: RF24 | B32: Business consultar os detalhes de uma cobrança | C32: Proposto | D32: 2 | E32: 3 | F32: 2 | G32: 2 | H32: Consulta simples de uma cobrança e do seu pagamento. | I32: =IF(G32="","A definir",IF(G32<=2,"Baixa",IF(G32<=5,"Média",IF(G32<=13,"Alta","Muito alta")))) -> Baixa | J32: =IF(G32="","",G32*$C$5) -> 16 | K32: =IF(G32="","",J32/$C$6) -> 4
A33: RF25 | B33: Validar a chave Pix de destino do saque no DICT | C33: Proposto | D33: 5 | E33: 5 | F33: ? | G33: 5 | H33: Integração com o DICT e tratamento de erro. | I33: =IF(G33="","A definir",IF(G33<=2,"Baixa",IF(G33<=5,"Média",IF(G33<=13,"Alta","Muito alta")))) -> Média | J33: =IF(G33="","",G33*$C$5) -> 40 | K33: =IF(G33="","",J33/$C$6) -> 10
A34: RF26 | B34: Business listar os saques recentes | C34: Proposto | D34: 2 | E34: 2 | F34: 1 | G34: 2 | H34: Lista paginada com valor, datas e status. | I34: =IF(G34="","A definir",IF(G34<=2,"Baixa",IF(G34<=5,"Média",IF(G34<=13,"Alta","Muito alta")))) -> Baixa | J34: =IF(G34="","",G34*$C$5) -> 16 | K34: =IF(G34="","",J34/$C$6) -> 4
A35: Total | G35: =SUM(G9:G34) -> 110 | J35: =SUM(J9:J34) -> 880 | K35: =SUM(K9:K34) -> 220
A36: Prazo da equipe (3 pessoas), em dias de trabalho | K36: =K35/3 -> 73.333333

Sheet Avaliação da outra equipe
A1: Atividade 2: avaliação da nossa lista pela outra equipe
A2: Equipe avaliadora: | C2: Equipe 12 - WorkForge
A4: ID | B4: Requisito | C4: Carta da Equipe 12 | D4: Dúvida ou sugestão
A5: RF01 | B5: Cadastro do business com nome/responsável, e-mail, CPF, data de nascimento e senha | C5: 3 | D5: O cadastro parece só um formulário, 3 não seria suficiente?
A6: RF03 | B6: Criar cobrança informando valor, descrição e cliente destinatário | C6: 13 | D6: Tem itens, cliente e vários métodos de pagamento, parece mais que 8.
A7: RF05 | B7: Gerar um link único de pagamento para cada cobrança | C7: 2 | D7: Sem dúvidas.
A8: RF08 | B8: Consultar o extrato de movimentações (pagamentos recebidos) | C8: 8 | D8: O extrato tem exportação?
A9: RF09 | B9: Solicitar saque do saldo disponível, exclusivamente via Pix | C9: 13 | D9: A transferência para o banco é real?
A10: RF12 | B10: Cliente pagar por qualquer método habilitado pelo business (Pix, cartão, boleto ou cripto) | C10: 20 | D10: Sem dúvidas.
A11: RF15 | B11: Atualizar o status da cobrança automaticamente após a confirmação do pagamento | C11: 8 | D11: Sem dúvidas.
A12: RF25 | B12: Validar a chave Pix de destino do saque no DICT | C12: 8 | D12: Se o DICT demorar ou ficar fora do ar, o que acontece?

Sheet Sugestões recebidas
A1: Atividade 2: sugestões recebidas da outra equipe
A2: Equipe avaliadora: | C2: Equipe 12 - WorkForge
A4: ID | B4: Requisito | C4: Carta atual (consenso) | D4: Carta sugerida | E4: Dúvida ou justificativa recebida | F4: Acatou? | G4: Carta final | H4: Decisão da equipe
A5: RF01 | B5: Cadastro do business com nome/responsável, e-mail, CPF, data de nascimento e senha | C5: ='Planning Poker'!G9 -> 5 | D5: ='Avaliação da outra equipe'!C5 -> 3 | E5: ='Avaliação da outra equipe'!D5 -> O cadastro parece só um formulário, 3 não seria suficiente? | F5: Não | G5: =IF(F5="","",IF(F5="Sim",D5,C5)) -> 5 | H5: O cadastro tem 3 etapas, consulta de CPF e senha com hash. Mantemos 5.
A6: RF03 | B6: Criar cobrança informando valor, descrição e cliente destinatário | C6: ='Planning Poker'!G11 -> 8 | D6: ='Avaliação da outra equipe'!C6 -> 13 | E6: ='Avaliação da outra equipe'!D6 -> Tem itens, cliente e vários métodos de pagamento, parece mais que 8. | F6: Não | G6: =IF(F6="","",IF(F6="Sim",D6,C6)) -> 8 | H6: O fluxo tem 5 etapas, mas as regras já são conhecidas. Mantemos 8.
A7: RF05 | B7: Gerar um link único de pagamento para cada cobrança | C7: ='Planning Poker'!G13 -> 2 | D7: ='Avaliação da outra equipe'!C7 -> 2 | E7: ='Avaliação da outra equipe'!D7 -> Sem dúvidas. | F7: Sim | G7: =IF(F7="","",IF(F7="Sim",D7,C7)) -> 2 | H7: Carta igual à nossa, sem mudança.
A8: RF08 | B8: Consultar o extrato de movimentações (pagamentos recebidos) | C8: ='Planning Poker'!G16 -> 5 | D8: ='Avaliação da outra equipe'!C8 -> 8 | E8: ='Avaliação da outra equipe'!D8 -> O extrato tem exportação? | F8: Não | G8: =IF(F8="","",IF(F8="Sim",D8,C8)) -> 5 | H8: Não tem exportação nesta versão, só filtros, paginação e totais.
A9: RF09 | B9: Solicitar saque do saldo disponível, exclusivamente via Pix | C9: ='Planning Poker'!G17 -> 8 | D9: ='Avaliação da outra equipe'!C9 -> 13 | E9: ='Avaliação da outra equipe'!D9 -> A transferência para o banco é real? | F9: Não | G9: =IF(F9="","",IF(F9="Sim",D9,C9)) -> 8 | H9: A transferência é simulada. Só entram a validação do saldo e da chave e o registro do saque.
A10: RF12 | B10: Cliente pagar por qualquer método habilitado pelo business (Pix, cartão, boleto ou cripto) | C10: ='Planning Poker'!G20 -> 20 | D10: ='Avaliação da outra equipe'!C10 -> 20 | E10: ='Avaliação da outra equipe'!D10 -> Sem dúvidas. | F10: Sim | G10: =IF(F10="","",IF(F10="Sim",D10,C10)) -> 20 | H10: Carta igual à nossa, sem mudança.
A11: RF15 | B11: Atualizar o status da cobrança automaticamente após a confirmação do pagamento | C11: ='Planning Poker'!G23 -> 8 | D11: ='Avaliação da outra equipe'!C11 -> 8 | E11: ='Avaliação da outra equipe'!D11 -> Sem dúvidas. | F11: Sim | G11: =IF(F11="","",IF(F11="Sim",D11,C11)) -> 8 | H11: Carta igual à nossa, sem mudança.
A12: RF25 | B12: Validar a chave Pix de destino do saque no DICT | C12: ='Planning Poker'!G33 -> 5 | D12: ='Avaliação da outra equipe'!C12 -> 8 | E12: ='Avaliação da outra equipe'!D12 -> Se o DICT demorar ou ficar fora do ar, o que acontece? | F12: Sim | G12: =IF(F12="","",IF(F12="Sim",D12,C12)) -> 8 | H12: Acatamos. O tratamento de espera e de nova tentativa dá mais trabalho do que pensamos.
