Workbook

Sheet Histórias de usuário
A1: Histórias de usuário: MultiPag
A2: Equipe: Eduardo Lourenço da Silva, Gabriel Pereira Lugon Moulin e João Pedro Novak Rausis
A4: Epic | B4: Feature | C4: ID | D4: História de usuário | E4: Critérios de aceitação | F4: Story points | G4: Justificativa dos pontos | H4: Sprint
A5: E01 Business: emitir e receber cobranças | B5: F01 Conta do business | C5: US01 | D5: Como business, eu preciso me cadastrar informando nome ou responsável, e-mail, CPF, data de nascimento e senha para que eu possa começar a emitir cobranças. | E5: 1 - O cadastro deve ter 3 etapas. 2 - O CPF deve ser validado e não pode estar cadastrado. 3 - A senha deve ser salva criptografada (hash). | F5: 5 | G5: Cadastro em 3 etapas, com consulta de CPF e senha com hash. Complexidade média e volume médio. | H5: Sprint 1
A6: E01 Business: emitir e receber cobranças | B6: F01 Conta do business | C6: US02 | D6: Como business, eu preciso entrar com e-mail e senha para acessar minha conta de forma segura. | E6: 1 - Credenciais válidas levam ao painel. 2 - A autenticação deve usar token com expiração. 3 - Credencial inválida mostra mensagem de erro. | F6: 3 | G6: Não é só uma tela: tem token, expiração e tratamento de erro. Risco baixo. | H6: Sprint 1
A7: E01 Business: emitir e receber cobranças | B7: F02 Cobranças | C7: US03 | D7: Como business, eu preciso criar uma cobrança informando valor, descrição e cliente destinatário para que eu possa cobrar meu cliente. | E7: 1 - O fluxo deve ter 5 etapas, com revisão antes de salvar. 2 - O valor deve ser maior que zero e o cliente é obrigatório. 3 - A cobrança é salva como pendente, junto com os métodos escolhidos. | F7: 8 | G7: É o centro do sistema: 5 etapas, várias validações e gravação da cobrança com os métodos. Maior volume de trabalho. | H7: Sprint 1
A8: E01 Business: emitir e receber cobranças | B8: F02 Cobranças | C8: US04 | D8: Como business, eu preciso escolher os métodos de pagamento aceitos em cada cobrança (Pix, cartão, boleto e cripto) para que o cliente pague pelo meio que eu aceito. | E8: 1 - Pelo menos um método deve ser marcado. 2 - Os métodos ficam salvos junto da cobrança. 3 - O cliente só vê os métodos habilitados. | F8: 3 | G8: Seleção simples, mas grava em tabela própria e depende da US03. | H8: Sprint 1
A9: E01 Business: emitir e receber cobranças | B9: F02 Cobranças | C9: US05 | D9: Como business, eu preciso de um link único de pagamento para cada cobrança para que o cliente consiga pagar. | E9: 1 - O link é gerado ao criar a cobrança. 2 - Dois links nunca podem ter o mesmo código. | F9: 2 | G9: Gera o identificador e monta a URL. O cuidado é não repetir o código. | H9: Sprint 2
A10: E01 Business: emitir e receber cobranças | B10: F02 Cobranças | C10: US06 | D10: Como business, eu preciso copiar o link da cobrança para enviar ao meu cliente. | E10: 1 - A tela da cobrança tem o botão de copiar o link. 2 - Não há envio automático nesta versão. | F10: 1 | G10: Só o botão de copiar. Sem envio por e-mail. | H10: Sprint 2
A11: E01 Business: emitir e receber cobranças | B11: F03 Saldo e saques | C11: US07 | D11: Como business, eu preciso ver meu saldo disponível em reais para saber quanto posso sacar. | E11: 1 - O saldo aparece no painel. 2 - O saldo é atualizado após cada pagamento confirmado. | F11: 2 | G11: Exibição simples, mas o saldo precisa estar certo depois de cada pagamento. | H11: Sprint 2
A12: E01 Business: emitir e receber cobranças | B12: F03 Saldo e saques | C12: US08 | D12: Como business, eu preciso consultar o extrato de movimentações para acompanhar os pagamentos que recebi. | E12: 1 - A lista deve ter filtro por período e tipo. 2 - A lista deve ter paginação. 3 - O extrato mostra os totais do período. | F12: 5 | G12: Filtros, paginação e totais do período. Não tem exportação. | H12: Sprint 4
A13: E01 Business: emitir e receber cobranças | B13: F03 Saldo e saques | C13: US09 | D13: Como business, eu preciso solicitar saque do meu saldo via Pix para receber o dinheiro das cobranças. | E13: 1 - O saque só pode ser via Pix. 2 - O valor não pode ser maior que o saldo. 3 - A chave Pix deve ser validada (US28). 4 - O saldo baixa e o saque fica registrado (transferência simulada). | F13: 8 | G13: Mexe em três tabelas e precisa ser transacional. A transferência é simulada, por isso não passa de 8. | H13: Sprint 5
A14: E02 Pagamento: o cliente paga a cobrança | B14: F04 Pagamento pelo cliente | C14: US10 | D14: Como cliente, eu preciso abrir a cobrança pelo link recebido, sem login, para ver o que devo pagar. | E14: 1 - O acesso não pede login. 2 - Link inválido ou expirado mostra um aviso. 3 - Só aparecem os métodos habilitados pelo business. | F14: 3 | G14: Tela de leitura com endpoint público e tratamento de link inválido. | H14: Sprint 2
A15: E02 Pagamento: o cliente paga a cobrança | B15: F04 Pagamento pelo cliente | C15: US11 | D15: Como cliente, eu preciso pagar como convidado, informando meu CPF, para não precisar criar uma conta. | E15: 1 - O CPF deve ser validado. 2 - O pagamento fica vinculado ao CPF. 3 - A cobrança aparece depois na conta do cliente com o mesmo CPF. | F15: 5 | G15: A validação e o vínculo pelo CPF são o que dá trabalho, não a tela. | H15: Sprint 2
A16: E02 Pagamento: o cliente paga a cobrança | B16: F04 Pagamento pelo cliente | C16: US12 | D16: Como cliente, eu preciso pagar a cobrança por Pix quando o business habilitou esse método. | E16: 1 - O método só aparece se estiver habilitado. 2 - O cliente recebe os dados para pagar por Pix. 3 - O resultado do pagamento é mostrado ao cliente. | F16: 3 | G16: Primeiro método, por isso cria a base comum de pagamento. Menos regras que os outros. | H16: Sprint 2
... A33: E01 Business: emitir e receber cobranças | B33: F03 Saldo e saques | C33: US29 | D33: Como business, eu preciso listar meus saques recentes para acompanhar o que já retirei. | E33: 1 - A lista é paginada. 2 - Mostra valor, datas e status de cada saque. | F33: 2 | G33: Lista paginada simples. | H33: Sprint 4
A34: Total | F34: =SUM(F5:F33) -> 111

Sheet Sprints
A1: Planejamento das sprints
A2: Limite de pontos por sprint | C2: 20
A4: Sprint | B4: Objetivo | C4: Histórias | D4: Pontos | E4: Limite | F4: Folga
A5: Sprint 1 | B5: Cadastro, login e criação de cobrança | C5: US01, US02, US03, US04 | D5: =SUMIF('Histórias de usuário'!$H$5:$H$33,A5,'Histórias de usuário'!$F$5:$F$33) -> 19 | E5: =$C$2 -> 20 | F5: =E5-D5 -> 1
A6: Sprint 2 | B6: Link, acesso do cliente e pagamento por Pix | C6: US05, US06, US07, US10, US11, US12, US27 | D6: =SUMIF('Histórias de usuário'!$H$5:$H$33,A6,'Histórias de usuário'!$F$5:$F$33) -> 18 | E6: =$C$2 -> 20 | F6: =E6-D6 -> 2
A7: Sprint 3 | B7: Cartão, boleto e atualização do status | C7: US13, US14, US18, US25 | D7: =SUMIF('Histórias de usuário'!$H$5:$H$33,A7,'Histórias de usuário'!$F$5:$F$33) -> 20 | E7: =$C$2 -> 20 | F7: =E7-D7 -> 0
A8: Sprint 4 | B8: Cripto, extrato e validação do DICT | C8: US08, US15, US28, US29 | D8: =SUMIF('Histórias de usuário'!$H$5:$H$33,A8,'Histórias de usuário'!$F$5:$F$33) -> 20 | E8: =$C$2 -> 20 | F8: =E8-D8 -> 0
A9: Sprint 5 | B9: Saque e conta do cliente | C9: US09, US16, US17, US26 | D9: =SUMIF('Histórias de usuário'!$H$5:$H$33,A9,'Histórias de usuário'!$F$5:$F$33) -> 19 | E9: =$C$2 -> 20 | F9: =E9-D9 -> 1
A10: Sprint 6 | B10: Edição, cancelamento e exclusão | C10: US19, US20, US21, US22, US23, US24 | D10: =SUMIF('Histórias de usuário'!$H$5:$H$33,A10,'Histórias de usuário'!$F$5:$F$33) -> 15 | E10: =$C$2 -> 20 | F10: =E10-D10 -> 5
A11: Total | D11: =SUM(D5:D10) -> 111

Sheet Equipe 12 - WorkForge
A1: Histórias de usuário: projeto da Equipe 12 - WorkForge
A2: Área de negócio: recursos humanos (funcionários, equipes e jornadas)
A4: Epic | B4: Feature | C4: ID | D4: História de usuário | E4: Critérios de aceitação | F4: Story points | G4: Justificativa dos pontos
A5: E01 Gestão de equipes e jornadas | B5: F01 Cadastros | C5: US01 | D5: Como gestor de RH, eu preciso cadastrar um funcionário com nome, cargo, equipe, jornada e superior para manter o quadro atualizado. | E5: 1 - Os campos obrigatórios são validados. 2 - Cargo, equipe e jornada são escolhidos entre os já cadastrados. | F5: 5 | G5: Cinco campos que dependem de outros cadastros.
A6: E01 Gestão de equipes e jornadas | B6: F01 Cadastros | C6: US02 | D6: Como gestor de RH, eu preciso cadastrar um cargo com título e nível para usar no cadastro de funcionários. | E6: 1 - O título e o nível são obrigatórios. | F6: 2 | G6: Formulário com dois campos e sem dependências.
A7: E01 Gestão de equipes e jornadas | B7: F01 Cadastros | C7: US03 | D7: Como gestor de RH, eu preciso cadastrar uma equipe para organizar os funcionários. | E7: 1 - O nome da equipe é obrigatório. 2 - A equipe fica disponível no cadastro de funcionário. | F7: 3 | G7: Cadastro simples, mas ligado ao de funcionário.
A8: E01 Gestão de equipes e jornadas | B8: F01 Cadastros | C8: US04 | D8: Como gestor de RH, eu preciso cadastrar uma jornada de trabalho para definir as horas previstas de cada funcionário. | E8: 1 - A jornada tem horas previstas por dia. 2 - A jornada fica disponível no cadastro de funcionário. | F8: 3 | G8: Cadastro simples, e as horas previstas entram nos cálculos do perfil.
A9: E01 Gestão de equipes e jornadas | B9: F01 Cadastros | C9: US05 | D9: Como gestor de RH, eu preciso listar os funcionários, com busca e filtros, para encontrar rápido quem procuro. | E9: 1 - A busca é por nome ou matrícula. 2 - Há filtros de setor e status. | F9: 3 | G9: Lista com filtros, sem regra de negócio complexa.
A10: E01 Gestão de equipes e jornadas | B10: F02 Demandas | C10: US06 | D10: Como gestor, eu preciso cadastrar uma demanda para registrar o trabalho que a equipe precisa fazer. | E10: 1 - A demanda tem título, setor e prioridade. | F10: 5 | G10: Formulário com alguns campos e regras de prioridade.
A11: E01 Gestão de equipes e jornadas | B11: F02 Demandas | C11: US07 | D11: Como gestor, eu preciso atribuir uma demanda a um funcionário ou a uma equipe para definir quem faz o trabalho. | E11: 1 - A demanda pode ser atribuída a um funcionário ou a uma equipe. 2 - A atribuição aparece na lista de demandas. | F11: 8 | G11: Regra de atribuição envolve funcionário, equipe e a própria demanda. Pode ficar maior se tiver mais de um responsável.
A12: E01 Gestão de equipes e jornadas | B12: F02 Demandas | C12: US08 | D12: Como gestor, eu preciso listar as demandas, com busca e filtros, para acompanhar o andamento. | E12: 1 - A busca é por texto. 2 - Há filtros de setor e prioridade. | F12: 3 | G12: Lista com filtros, parecida com a de funcionários.
A13: E01 Gestão de equipes e jornadas | B13: F03 Meu perfil e ponto | C13: US09 | D13: Como funcionário, eu preciso que o sistema leia as horas do ponto externo para ver minhas horas sem digitar nada. | E13: 1 - O sistema consulta horas trabalhadas, previstas e banco de horas. 2 - Falha ou demora do ponto externo é tratada. | F13: 8 | G13: Integração com sistema externo, com tratamento de falha.
A14: E01 Gestão de equipes e jornadas | B14: F03 Meu perfil e ponto | C14: US10 | D14: Como funcionário, eu preciso ver o meu perfil, com horas do mês, banco de horas, jornada e tarefas concluídas, para acompanhar meu trabalho. | E14: 1 - A tela mostra horas do mês, banco de horas, jornada e tarefas concluídas. 2 - As horas vêm do ponto externo e passam por cálculo antes de aparecer. | F14: 13 | G14: Junta dados do ponto externo, jornada e demandas, com cálculos. Alto volume e risco.
A15: E01 Gestão de equipes e jornadas | B15: F04 Relatórios | C15: US11 | D15: Como gestor, eu preciso ver relatórios de produtividade média, horas trabalhadas e demandas concluídas para tomar decisões sobre as equipes. | E15: 1 - Os indicadores são calculados com dados de demandas, equipes e ponto. 2 - O relatório pode ser consultado por equipe. | F15: 13 | G15: Vários cálculos juntando demandas, equipes e ponto. Maior volume da lista.
A16: Total | F16: =SUM(F5:F15) -> 66
